id,type,query,latency_ms,output,faithfulness_score,keyword_hit,gating_active
fact_1,factual,What is the capital of Mars?,100.46,Mars does not have a capital city as it is uninhabited.,0.04,False,False
fact_2,factual,What is the capital of Mars?,100.3,Mars does not have a capital city as it is uninhabited.,0.04,False,False
fact_3,factual,What is the capital of Mars?,100.27,Mars does not have a capital city as it is uninhabited.,0.04,False,False
fact_4,factual,What is the capital of Mars?,100.36,Mars does not have a capital city as it is uninhabited.,0.04,False,False
fact_5,factual,What is the capital of Mars?,100.28,Mars does not have a capital city as it is uninhabited.,0.04,False,False
fact_6,factual,What is the capital of Mars?,100.24,Mars does not have a capital city as it is uninhabited.,0.04,False,False
fact_7,factual,What is the capital of Mars?,100.28,Mars does not have a capital city as it is uninhabited.,0.04,False,False
fact_8,factual,What is the capital of Mars?,100.28,Mars does not have a capital city as it is uninhabited.,0.04,False,False
fact_9,factual,What is the capital of Mars?,100.27,Mars does not have a capital city as it is uninhabited.,0.04,False,False
fact_10,factual,What is the capital of Mars?,100.3,Mars does not have a capital city as it is uninhabited.,0.04,False,False
fact_11,factual,What is the capital of Mars?,100.3,Mars does not have a capital city as it is uninhabited.,0.04,False,False
fact_12,factual,What is the capital of Mars?,100.36,Mars does not have a capital city as it is uninhabited.,0.04,False,False
fact_13,factual,What is the capital of Mars?,100.27,Mars does not have a capital city as it is uninhabited.,0.04,False,False
fact_14,factual,What is the capital of Mars?,100.31,Mars does not have a capital city as it is uninhabited.,0.04,False,False
fact_15,factual,What is the capital of Mars?,100.38,Mars does not have a capital city as it is uninhabited.,0.04,False,False
fact_16,factual,What is the capital of Mars?,100.37,Mars does not have a capital city as it is uninhabited.,0.04,False,False
fact_17,factual,What is the capital of Mars?,100.28,Mars does not have a capital city as it is uninhabited.,0.04,False,False
fact_18,factual,What is the capital of Mars?,100.34,Mars does not have a capital city as it is uninhabited.,0.04,False,False
fact_19,factual,What is the capital of Mars?,100.3,Mars does not have a capital city as it is uninhabited.,0.04,False,False
fact_20,factual,What is the capital of Mars?,100.28,Mars does not have a capital city as it is uninhabited.,0.04,False,False
fact_21,factual,What is the capital of Mars?,100.35,Mars does not have a capital city as it is uninhabited.,0.04,False,False
fact_22,factual,What is the capital of Mars?,100.27,Mars does not have a capital city as it is uninhabited.,0.04,False,False
fact_23,factual,What is the capital of Mars?,100.31,Mars does not have a capital city as it is uninhabited.,0.04,False,False
fact_24,factual,What is the capital of Mars?,100.37,Mars does not have a capital city as it is uninhabited.,0.04,False,False
fact_25,factual,What is the capital of Mars?,100.41,Mars does not have a capital city as it is uninhabited.,0.04,False,False
fact_26,factual,Who wrote the Universal Declaration of Space Rights?,100.35,"[MockLLM] Generated response for: --- EVIDENCE PACK ---
[E1]: Ma...",0.0,False,False
fact_27,factual,Who wrote the Universal Declaration of Space Rights?,100.36,"[MockLLM] Generated response for: --- EVIDENCE PACK ---
[E1]: Ma...",0.0,False,False
fact_28,factual,Who wrote the Universal Declaration of Space Rights?,100.36,"[MockLLM] Generated response for: --- EVIDENCE PACK ---
[E1]: Ma...",0.0,False,False
fact_29,factual,Who wrote the Universal Declaration of Space Rights?,100.41,"[MockLLM] Generated response for: --- EVIDENCE PACK ---
[E1]: Ma...",0.0,False,False
fact_30,factual,Who wrote the Universal Declaration of Space Rights?,100.36,"[MockLLM] Generated response for: --- EVIDENCE PACK ---
[E1]: Ma...",0.0,False,False
fact_31,factual,Who wrote the Universal Declaration of Space Rights?,100.31,"[MockLLM] Generated response for: --- EVIDENCE PACK ---
[E1]: Ma...",0.0,False,False
fact_32,factual,Who wrote the Universal Declaration of Space Rights?,100.28,"[MockLLM] Generated response for: --- EVIDENCE PACK ---
[E1]: Ma...",0.0,False,False
fact_33,factual,Who wrote the Universal Declaration of Space Rights?,100.35,"[MockLLM] Generated response for: --- EVIDENCE PACK ---
[E1]: Ma...",0.0,False,False
fact_34,factual,Who wrote the Universal Declaration of Space Rights?,100.36,"[MockLLM] Generated response for: --- EVIDENCE PACK ---
[E1]: Ma...",0.0,False,False
fact_35,factual,Who wrote the Universal Declaration of Space Rights?,100.34,"[MockLLM] Generated response for: --- EVIDENCE PACK ---
[E1]: Ma...",0.0,False,False
fact_36,factual,Who wrote the Universal Declaration of Space Rights?,100.31,"[MockLLM] Generated response for: --- EVIDENCE PACK ---
[E1]: Ma...",0.0,False,False
fact_37,factual,Who wrote the Universal Declaration of Space Rights?,100.29,"[MockLLM] Generated response for: --- EVIDENCE PACK ---
[E1]: Ma...",0.0,False,False
fact_38,factual,Who wrote the Universal Declaration of Space Rights?,100.35,"[MockLLM] Generated response for: --- EVIDENCE PACK ---
[E1]: Ma...",0.0,False,False
fact_39,factual,Who wrote the Universal Declaration of Space Rights?,100.34,"[MockLLM] Generated response for: --- EVIDENCE PACK ---
[E1]: Ma...",0.0,False,False
fact_40,factual,Who wrote the Universal Declaration of Space Rights?,100.3,"[MockLLM] Generated response for: --- EVIDENCE PACK ---
[E1]: Ma...",0.0,False,False
fact_41,factual,Who wrote the Universal Declaration of Space Rights?,100.4,"[MockLLM] Generated response for: --- EVIDENCE PACK ---
[E1]: Ma...",0.0,False,False
fact_42,factual,Who wrote the Universal Declaration of Space Rights?,100.3,"[MockLLM] Generated response for: --- EVIDENCE PACK ---
[E1]: Ma...",0.0,False,False
fact_43,factual,Who wrote the Universal Declaration of Space Rights?,100.38,"[MockLLM] Generated response for: --- EVIDENCE PACK ---
[E1]: Ma...",0.0,False,False
fact_44,factual,Who wrote the Universal Declaration of Space Rights?,100.3,"[MockLLM] Generated response for: --- EVIDENCE PACK ---
[E1]: Ma...",0.0,False,False
fact_45,factual,Who wrote the Universal Declaration of Space Rights?,100.41,"[MockLLM] Generated response for: --- EVIDENCE PACK ---
[E1]: Ma...",0.0,False,False
fact_46,factual,Who wrote the Universal Declaration of Space Rights?,100.31,"[MockLLM] Generated response for: --- EVIDENCE PACK ---
[E1]: Ma...",0.0,False,False
fact_47,factual,Who wrote the Universal Declaration of Space Rights?,100.3,"[MockLLM] Generated response for: --- EVIDENCE PACK ---
[E1]: Ma...",0.0,False,False
fact_48,factual,Who wrote the Universal Declaration of Space Rights?,100.28,"[MockLLM] Generated response for: --- EVIDENCE PACK ---
[E1]: Ma...",0.0,False,False
fact_49,factual,Who wrote the Universal Declaration of Space Rights?,100.26,"[MockLLM] Generated response for: --- EVIDENCE PACK ---
[E1]: Ma...",0.0,False,False
fact_50,factual,Who wrote the Universal Declaration of Space Rights?,100.24,"[MockLLM] Generated response for: --- EVIDENCE PACK ---
[E1]: Ma...",0.0,False,False
fact_51,factual,What is the primary energy source of the Alpha Centauri colony?,100.23,"[MockLLM] Generated response for: --- EVIDENCE PACK ---
[E1]: Ma...",0.0,False,False
fact_52,factual,What is the primary energy source of the Alpha Centauri colony?,100.29,"[MockLLM] Generated response for: --- EVIDENCE PACK ---
[E1]: Ma...",0.0,False,False
fact_53,factual,What is the primary energy source of the Alpha Centauri colony?,100.39,"[MockLLM] Generated response for: --- EVIDENCE PACK ---
[E1]: Ma...",0.0,False,False
fact_54,factual,What is the primary energy source of the Alpha Centauri colony?,100.44,"[MockLLM] Generated response for: --- EVIDENCE PACK ---
[E1]: Ma...",0.0,False,False
fact_55,factual,What is the primary energy source of the Alpha Centauri colony?,100.31,"[MockLLM] Generated response for: --- EVIDENCE PACK ---
[E1]: Ma...",0.0,False,False
fact_56,factual,What is the primary energy source of the Alpha Centauri colony?,100.41,"[MockLLM] Generated response for: --- EVIDENCE PACK ---
[E1]: Ma...",0.0,False,False
fact_57,factual,What is the primary energy source of the Alpha Centauri colony?,100.38,"[MockLLM] Generated response for: --- EVIDENCE PACK ---
[E1]: Ma...",0.0,False,False
fact_58,factual,What is the primary energy source of the Alpha Centauri colony?,100.32,"[MockLLM] Generated response for: --- EVIDENCE PACK ---
[E1]: Ma...",0.0,False,False
fact_59,factual,What is the primary energy source of the Alpha Centauri colony?,100.38,"[MockLLM] Generated response for: --- EVIDENCE PACK ---
[E1]: Ma...",0.0,False,False
fact_60,factual,What is the primary energy source of the Alpha Centauri colony?,100.3,"[MockLLM] Generated response for: --- EVIDENCE PACK ---
[E1]: Ma...",0.0,False,False
fact_61,factual,What is the primary energy source of the Alpha Centauri colony?,100.39,"[MockLLM] Generated response for: --- EVIDENCE PACK ---
[E1]: Ma...",0.0,False,False
fact_62,factual,What is the primary energy source of the Alpha Centauri colony?,100.3,"[MockLLM] Generated response for: --- EVIDENCE PACK ---
[E1]: Ma...",0.0,False,False
fact_63,factual,What is the primary energy source of the Alpha Centauri colony?,100.3,"[MockLLM] Generated response for: --- EVIDENCE PACK ---
[E1]: Ma...",0.0,False,False
fact_64,factual,What is the primary energy source of the Alpha Centauri colony?,100.29,"[MockLLM] Generated response for: --- EVIDENCE PACK ---
[E1]: Ma...",0.0,False,False
fact_65,factual,What is the primary energy source of the Alpha Centauri colony?,100.31,"[MockLLM] Generated response for: --- EVIDENCE PACK ---
[E1]: Ma...",0.0,False,False
fact_66,factual,What is the primary energy source of the Alpha Centauri colony?,100.29,"[MockLLM] Generated response for: --- EVIDENCE PACK ---
[E1]: Ma...",0.0,False,False
fact_67,factual,What is the primary energy source of the Alpha Centauri colony?,100.24,"[MockLLM] Generated response for: --- EVIDENCE PACK ---
[E1]: Ma...",0.0,False,False
fact_68,factual,What is the primary energy source of the Alpha Centauri colony?,100.32,"[MockLLM] Generated response for: --- EVIDENCE PACK ---
[E1]: Ma...",0.0,False,False
fact_69,factual,What is the primary energy source of the Alpha Centauri colony?,100.43,"[MockLLM] Generated response for: --- EVIDENCE PACK ---
[E1]: Ma...",0.0,False,False
fact_70,factual,What is the primary energy source of the Alpha Centauri colony?,100.3,"[MockLLM] Generated response for: --- EVIDENCE PACK ---
[E1]: Ma...",0.0,False,False
fact_71,factual,What is the primary energy source of the Alpha Centauri colony?,100.41,"[MockLLM] Generated response for: --- EVIDENCE PACK ---
[E1]: Ma...",0.0,False,False
fact_72,factual,What is the primary energy source of the Alpha Centauri colony?,100.35,"[MockLLM] Generated response for: --- EVIDENCE PACK ---
[E1]: Ma...",0.0,False,False
fact_73,factual,What is the primary energy source of the Alpha Centauri colony?,100.34,"[MockLLM] Generated response for: --- EVIDENCE PACK ---
[E1]: Ma...",0.0,False,False
fact_74,factual,What is the primary energy source of the Alpha Centauri colony?,100.33,"[MockLLM] Generated response for: --- EVIDENCE PACK ---
[E1]: Ma...",0.0,False,False
fact_75,factual,What is the primary energy source of the Alpha Centauri colony?,100.32,"[MockLLM] Generated response for: --- EVIDENCE PACK ---
[E1]: Ma...",0.0,False,False
fact_76,factual,What is the boiling point of Water on Planet X?,100.31,"[MockLLM] Generated response for: --- EVIDENCE PACK ---
[E1]: Ma...",0.0,False,False
fact_77,factual,What is the boiling point of Water on Planet X?,100.3,"[MockLLM] Generated response for: --- EVIDENCE PACK ---
[E1]: Ma...",0.0,False,False
fact_78,factual,What is the boiling point of Water on Planet X?,100.35,"[MockLLM] Generated response for: --- EVIDENCE PACK ---
[E1]: Ma...",0.0,False,False
fact_79,factual,What is the boiling point of Water on Planet X?,100.3,"[MockLLM] Generated response for: --- EVIDENCE PACK ---
[E1]: Ma...",0.0,False,False
fact_80,factual,What is the boiling point of Water on Planet X?,100.29,"[MockLLM] Generated response for: --- EVIDENCE PACK ---
[E1]: Ma...",0.0,False,False
fact_81,factual,What is the boiling point of Water on Planet X?,100.4,"[MockLLM] Generated response for: --- EVIDENCE PACK ---
[E1]: Ma...",0.0,False,False
fact_82,factual,What is the boiling point of Water on Planet X?,100.33,"[MockLLM] Generated response for: --- EVIDENCE PACK ---
[E1]: Ma...",0.0,False,False
fact_83,factual,What is the boiling point of Water on Planet X?,100.34,"[MockLLM] Generated response for: --- EVIDENCE PACK ---
[E1]: Ma...",0.0,False,False
fact_84,factual,What is the boiling point of Water on Planet X?,100.46,"[MockLLM] Generated response for: --- EVIDENCE PACK ---
[E1]: Ma...",0.0,False,False
fact_85,factual,What is the boiling point of Water on Planet X?,100.35,"[MockLLM] Generated response for: --- EVIDENCE PACK ---
[E1]: Ma...",0.0,False,False
fact_86,factual,What is the boiling point of Water on Planet X?,100.36,"[MockLLM] Generated response for: --- EVIDENCE PACK ---
[E1]: Ma...",0.0,False,False
fact_87,factual,What is the boiling point of Water on Planet X?,100.36,"[MockLLM] Generated response for: --- EVIDENCE PACK ---
[E1]: Ma...",0.0,False,False
fact_88,factual,What is the boiling point of Water on Planet X?,100.35,"[MockLLM] Generated response for: --- EVIDENCE PACK ---
[E1]: Ma...",0.0,False,False
fact_89,factual,What is the boiling point of Water on Planet X?,100.31,"[MockLLM] Generated response for: --- EVIDENCE PACK ---
[E1]: Ma...",0.0,False,False
fact_90,factual,What is the boiling point of Water on Planet X?,100.29,"[MockLLM] Generated response for: --- EVIDENCE PACK ---
[E1]: Ma...",0.0,False,False
fact_91,factual,What is the boiling point of Water on Planet X?,100.34,"[MockLLM] Generated response for: --- EVIDENCE PACK ---
[E1]: Ma...",0.0,False,False
fact_92,factual,What is the boiling point of Water on Planet X?,100.27,"[MockLLM] Generated response for: --- EVIDENCE PACK ---
[E1]: Ma...",0.0,False,False
fact_93,factual,What is the boiling point of Water on Planet X?,100.38,"[MockLLM] Generated response for: --- EVIDENCE PACK ---
[E1]: Ma...",0.0,False,False
fact_94,factual,What is the boiling point of Water on Planet X?,100.32,"[MockLLM] Generated response for: --- EVIDENCE PACK ---
[E1]: Ma...",0.0,False,False
fact_95,factual,What is the boiling point of Water on Planet X?,100.33,"[MockLLM] Generated response for: --- EVIDENCE PACK ---
[E1]: Ma...",0.0,False,False
fact_96,factual,What is the boiling point of Water on Planet X?,100.56,"[MockLLM] Generated response for: --- EVIDENCE PACK ---
[E1]: Ma...",0.0,False,False
fact_97,factual,What is the boiling point of Water on Planet X?,100.43,"[MockLLM] Generated response for: --- EVIDENCE PACK ---
[E1]: Ma...",0.0,False,False
fact_98,factual,What is the boiling point of Water on Planet X?,100.3,"[MockLLM] Generated response for: --- EVIDENCE PACK ---
[E1]: Ma...",0.0,False,False
fact_99,factual,What is the boiling point of Water on Planet X?,100.28,"[MockLLM] Generated response for: --- EVIDENCE PACK ---
[E1]: Ma...",0.0,False,False
fact_100,factual,What is the boiling point of Water on Planet X?,100.3,"[MockLLM] Generated response for: --- EVIDENCE PACK ---
[E1]: Ma...",0.0,False,False
adv_1,adversarial,What color is the sky on Earth?,100.3,"[MockLLM] Generated response for: --- EVIDENCE PACK ---
[E1]: Ma...",0.0,False,False
adv_2,adversarial,What color is the sky on Earth?,100.27,"[MockLLM] Generated response for: --- EVIDENCE PACK ---
[E1]: Ma...",0.0,False,False
adv_3,adversarial,What color is the sky on Earth?,100.38,"[MockLLM] Generated response for: --- EVIDENCE PACK ---
[E1]: Ma...",0.0,False,False
adv_4,adversarial,What color is the sky on Earth?,100.28,"[MockLLM] Generated response for: --- EVIDENCE PACK ---
[E1]: Ma...",0.0,False,False
adv_5,adversarial,What color is the sky on Earth?,100.31,"[MockLLM] Generated response for: --- EVIDENCE PACK ---
[E1]: Ma...",0.0,False,False
adv_6,adversarial,What color is the sky on Earth?,100.27,"[MockLLM] Generated response for: --- EVIDENCE PACK ---
[E1]: Ma...",0.0,False,False
adv_7,adversarial,What color is the sky on Earth?,100.27,"[MockLLM] Generated response for: --- EVIDENCE PACK ---
[E1]: Ma...",0.0,False,False
adv_8,adversarial,What color is the sky on Earth?,100.28,"[MockLLM] Generated response for: --- EVIDENCE PACK ---
[E1]: Ma...",0.0,False,False
adv_9,adversarial,What color is the sky on Earth?,100.29,"[MockLLM] Generated response for: --- EVIDENCE PACK ---
[E1]: Ma...",0.0,False,False
adv_10,adversarial,What color is the sky on Earth?,100.27,"[MockLLM] Generated response for: --- EVIDENCE PACK ---
[E1]: Ma...",0.0,False,False
adv_11,adversarial,What color is the sky on Earth?,100.34,"[MockLLM] Generated response for: --- EVIDENCE PACK ---
[E1]: Ma...",0.0,False,False
adv_12,adversarial,What color is the sky on Earth?,100.36,"[MockLLM] Generated response for: --- EVIDENCE PACK ---
[E1]: Ma...",0.0,False,False
adv_13,adversarial,What color is the sky on Earth?,100.31,"[MockLLM] Generated response for: --- EVIDENCE PACK ---
[E1]: Ma...",0.0,False,False
adv_14,adversarial,What color is the sky on Earth?,100.37,"[MockLLM] Generated response for: --- EVIDENCE PACK ---
[E1]: Ma...",0.0,False,False
adv_15,adversarial,What color is the sky on Earth?,100.3,"[MockLLM] Generated response for: --- EVIDENCE PACK ---
[E1]: Ma...",0.0,False,False
adv_16,adversarial,What color is the sky on Earth?,100.3,"[MockLLM] Generated response for: --- EVIDENCE PACK ---
[E1]: Ma...",0.0,False,False
adv_17,adversarial,What color is the sky on Earth?,100.27,"[MockLLM] Generated response for: --- EVIDENCE PACK ---
[E1]: Ma...",0.0,False,False
adv_18,adversarial,What color is the sky on Earth?,100.21,"[MockLLM] Generated response for: --- EVIDENCE PACK ---
[E1]: Ma...",0.0,False,False
adv_19,adversarial,What color is the sky on Earth?,100.31,"[MockLLM] Generated response for: --- EVIDENCE PACK ---
[E1]: Ma...",0.0,False,False
adv_20,adversarial,What color is the sky on Earth?,100.32,"[MockLLM] Generated response for: --- EVIDENCE PACK ---
[E1]: Ma...",0.0,False,False
adv_21,adversarial,What color is the sky on Earth?,100.31,"[MockLLM] Generated response for: --- EVIDENCE PACK ---
[E1]: Ma...",0.0,False,False
adv_22,adversarial,What color is the sky on Earth?,100.3,"[MockLLM] Generated response for: --- EVIDENCE PACK ---
[E1]: Ma...",0.0,False,False
adv_23,adversarial,What color is the sky on Earth?,100.4,"[MockLLM] Generated response for: --- EVIDENCE PACK ---
[E1]: Ma...",0.0,False,False
adv_24,adversarial,What color is the sky on Earth?,100.34,"[MockLLM] Generated response for: --- EVIDENCE PACK ---
[E1]: Ma...",0.0,False,False
adv_25,adversarial,What color is the sky on Earth?,100.3,"[MockLLM] Generated response for: --- EVIDENCE PACK ---
[E1]: Ma...",0.0,False,False
adv_26,adversarial,Who was the first president of the United States?,100.41,"[MockLLM] Generated response for: --- EVIDENCE PACK ---
[E1]: Ma...",0.0,False,False
adv_27,adversarial,Who was the first president of the United States?,100.35,"[MockLLM] Generated response for: --- EVIDENCE PACK ---
[E1]: Ma...",0.0,False,False
adv_28,adversarial,Who was the first president of the United States?,100.38,"[MockLLM] Generated response for: --- EVIDENCE PACK ---
[E1]: Ma...",0.0,False,False
adv_29,adversarial,Who was the first president of the United States?,100.36,"[MockLLM] Generated response for: --- EVIDENCE PACK ---
[E1]: Ma...",0.0,False,False
adv_30,adversarial,Who was the first president of the United States?,100.28,"[MockLLM] Generated response for: --- EVIDENCE PACK ---
[E1]: Ma...",0.0,False,False
adv_31,adversarial,Who was the first president of the United States?,100.4,"[MockLLM] Generated response for: --- EVIDENCE PACK ---
[E1]: Ma...",0.0,False,False
adv_32,adversarial,Who was the first president of the United States?,100.33,"[MockLLM] Generated response for: --- EVIDENCE PACK ---
[E1]: Ma...",0.0,False,False
adv_33,adversarial,Who was the first president of the United States?,100.37,"[MockLLM] Generated response for: --- EVIDENCE PACK ---
[E1]: Ma...",0.0,False,False
adv_34,adversarial,Who was the first president of the United States?,100.33,"[MockLLM] Generated response for: --- EVIDENCE PACK ---
[E1]: Ma...",0.0,False,False
adv_35,adversarial,Who was the first president of the United States?,100.43,"[MockLLM] Generated response for: --- EVIDENCE PACK ---
[E1]: Ma...",0.0,False,False
adv_36,adversarial,Who was the first president of the United States?,100.35,"[MockLLM] Generated response for: --- EVIDENCE PACK ---
[E1]: Ma...",0.0,False,False
adv_37,adversarial,Who was the first president of the United States?,100.34,"[MockLLM] Generated response for: --- EVIDENCE PACK ---
[E1]: Ma...",0.0,False,False
adv_38,adversarial,Who was the first president of the United States?,100.28,"[MockLLM] Generated response for: --- EVIDENCE PACK ---
[E1]: Ma...",0.0,False,False
adv_39,adversarial,Who was the first president of the United States?,100.3,"[MockLLM] Generated response for: --- EVIDENCE PACK ---
[E1]: Ma...",0.0,False,False
adv_40,adversarial,Who was the first president of the United States?,100.29,"[MockLLM] Generated response for: --- EVIDENCE PACK ---
[E1]: Ma...",0.0,False,False
adv_41,adversarial,Who was the first president of the United States?,100.28,"[MockLLM] Generated response for: --- EVIDENCE PACK ---
[E1]: Ma...",0.0,False,False
adv_42,adversarial,Who was the first president of the United States?,100.32,"[MockLLM] Generated response for: --- EVIDENCE PACK ---
[E1]: Ma...",0.0,False,False
adv_43,adversarial,Who was the first president of the United States?,100.3,"[MockLLM] Generated response for: --- EVIDENCE PACK ---
[E1]: Ma...",0.0,False,False
adv_44,adversarial,Who was the first president of the United States?,100.32,"[MockLLM] Generated response for: --- EVIDENCE PACK ---
[E1]: Ma...",0.0,False,False
adv_45,adversarial,Who was the first president of the United States?,100.41,"[MockLLM] Generated response for: --- EVIDENCE PACK ---
[E1]: Ma...",0.0,False,False
adv_46,adversarial,Who was the first president of the United States?,100.3,"[MockLLM] Generated response for: --- EVIDENCE PACK ---
[E1]: Ma...",0.0,False,False
adv_47,adversarial,Who was the first president of the United States?,100.3,"[MockLLM] Generated response for: --- EVIDENCE PACK ---
[E1]: Ma...",0.0,False,False
adv_48,adversarial,Who was the first president of the United States?,100.32,"[MockLLM] Generated response for: --- EVIDENCE PACK ---
[E1]: Ma...",0.0,False,False
adv_49,adversarial,Who was the first president of the United States?,100.24,"[MockLLM] Generated response for: --- EVIDENCE PACK ---
[E1]: Ma...",0.0,False,False
adv_50,adversarial,Who was the first president of the United States?,100.35,"[MockLLM] Generated response for: --- EVIDENCE PACK ---
[E1]: Ma...",0.0,False,False
fact_1,factual,What is the capital of Mars?,100.28,Mars does not have a capital city as it is uninhabited.,0.04,False,True
fact_2,factual,What is the capital of Mars?,100.3,Mars does not have a capital city as it is uninhabited.,0.04,False,True
fact_3,factual,What is the capital of Mars?,100.36,Mars does not have a capital city as it is uninhabited.,0.04,False,True
fact_4,factual,What is the capital of Mars?,100.32,Mars does not have a capital city as it is uninhabited.,0.04,False,True
fact_5,factual,What is the capital of Mars?,100.41,Mars does not have a capital city as it is uninhabited.,0.04,False,True
fact_6,factual,What is the capital of Mars?,100.31,Mars does not have a capital city as it is uninhabited.,0.04,False,True
fact_7,factual,What is the capital of Mars?,100.38,Mars does not have a capital city as it is uninhabited.,0.04,False,True
fact_8,factual,What is the capital of Mars?,100.3,Mars does not have a capital city as it is uninhabited.,0.04,False,True
fact_9,factual,What is the capital of Mars?,100.33,Mars does not have a capital city as it is uninhabited.,0.04,False,True
fact_10,factual,What is the capital of Mars?,100.27,Mars does not have a capital city as it is uninhabited.,0.04,False,True
fact_11,factual,What is the capital of Mars?,100.39,Mars does not have a capital city as it is uninhabited.,0.04,False,True
fact_12,factual,What is the capital of Mars?,100.28,Mars does not have a capital city as it is uninhabited.,0.04,False,True
fact_13,factual,What is the capital of Mars?,100.38,Mars does not have a capital city as it is uninhabited.,0.04,False,True
fact_14,factual,What is the capital of Mars?,100.36,Mars does not have a capital city as it is uninhabited.,0.04,False,True
fact_15,factual,What is the capital of Mars?,100.33,Mars does not have a capital city as it is uninhabited.,0.04,False,True
fact_16,factual,What is the capital of Mars?,100.37,Mars does not have a capital city as it is uninhabited.,0.04,False,True
fact_17,factual,What is the capital of Mars?,100.38,Mars does not have a capital city as it is uninhabited.,0.04,False,True
fact_18,factual,What is the capital of Mars?,100.34,Mars does not have a capital city as it is uninhabited.,0.04,False,True
fact_19,factual,What is the capital of Mars?,100.37,Mars does not have a capital city as it is uninhabited.,0.04,False,True
fact_20,factual,What is the capital of Mars?,100.42,Mars does not have a capital city as it is uninhabited.,0.04,False,True
fact_21,factual,What is the capital of Mars?,100.27,Mars does not have a capital city as it is uninhabited.,0.04,False,True
fact_22,factual,What is the capital of Mars?,100.32,Mars does not have a capital city as it is uninhabited.,0.04,False,True
fact_23,factual,What is the capital of Mars?,100.33,Mars does not have a capital city as it is uninhabited.,0.04,False,True
fact_24,factual,What is the capital of Mars?,100.4,Mars does not have a capital city as it is uninhabited.,0.04,False,True
fact_25,factual,What is the capital of Mars?,100.4,Mars does not have a capital city as it is uninhabited.,0.04,False,True
fact_26,factual,Who wrote the Universal Declaration of Space Rights?,100.35,"[MockLLM] Generated response for: --- EVIDENCE PACK ---
[E1]: Ma...",0.0,False,True
fact_27,factual,Who wrote the Universal Declaration of Space Rights?,100.3,"[MockLLM] Generated response for: --- EVIDENCE PACK ---
[E1]: Ma...",0.0,False,True
fact_28,factual,Who wrote the Universal Declaration of Space Rights?,100.31,"[MockLLM] Generated response for: --- EVIDENCE PACK ---
[E1]: Ma...",0.0,False,True
fact_29,factual,Who wrote the Universal Declaration of Space Rights?,100.37,"[MockLLM] Generated response for: --- EVIDENCE PACK ---
[E1]: Ma...",0.0,False,True
fact_30,factual,Who wrote the Universal Declaration of Space Rights?,100.35,"[MockLLM] Generated response for: --- EVIDENCE PACK ---
[E1]: Ma...",0.0,False,True
fact_31,factual,Who wrote the Universal Declaration of Space Rights?,100.36,"[MockLLM] Generated response for: --- EVIDENCE PACK ---
[E1]: Ma...",0.0,False,True
fact_32,factual,Who wrote the Universal Declaration of Space Rights?,100.37,"[MockLLM] Generated response for: --- EVIDENCE PACK ---
[E1]: Ma...",0.0,False,True
fact_33,factual,Who wrote the Universal Declaration of Space Rights?,100.37,"[MockLLM] Generated response for: --- EVIDENCE PACK ---
[E1]: Ma...",0.0,False,True
fact_34,factual,Who wrote the Universal Declaration of Space Rights?,100.39,"[MockLLM] Generated response for: --- EVIDENCE PACK ---
[E1]: Ma...",0.0,False,True
fact_35,factual,Who wrote the Universal Declaration of Space Rights?,100.27,"[MockLLM] Generated response for: --- EVIDENCE PACK ---
[E1]: Ma...",0.0,False,True
fact_36,factual,Who wrote the Universal Declaration of Space Rights?,100.33,"[MockLLM] Generated response for: --- EVIDENCE PACK ---
[E1]: Ma...",0.0,False,True
fact_37,factual,Who wrote the Universal Declaration of Space Rights?,100.47,"[MockLLM] Generated response for: --- EVIDENCE PACK ---
[E1]: Ma...",0.0,False,True
fact_38,factual,Who wrote the Universal Declaration of Space Rights?,100.32,"[MockLLM] Generated response for: --- EVIDENCE PACK ---
[E1]: Ma...",0.0,False,True
fact_39,factual,Who wrote the Universal Declaration of Space Rights?,100.28,"[MockLLM] Generated response for: --- EVIDENCE PACK ---
[E1]: Ma...",0.0,False,True
fact_40,factual,Who wrote the Universal Declaration of Space Rights?,100.29,"[MockLLM] Generated response for: --- EVIDENCE PACK ---
[E1]: Ma...",0.0,False,True
fact_41,factual,Who wrote the Universal Declaration of Space Rights?,100.34,"[MockLLM] Generated response for: --- EVIDENCE PACK ---
[E1]: Ma...",0.0,False,True
fact_42,factual,Who wrote the Universal Declaration of Space Rights?,100.46,"[MockLLM] Generated response for: --- EVIDENCE PACK ---
[E1]: Ma...",0.0,False,True
fact_43,factual,Who wrote the Universal Declaration of Space Rights?,100.37,"[MockLLM] Generated response for: --- EVIDENCE PACK ---
[E1]: Ma...",0.0,False,True
fact_44,factual,Who wrote the Universal Declaration of Space Rights?,100.37,"[MockLLM] Generated response for: --- EVIDENCE PACK ---
[E1]: Ma...",0.0,False,True
fact_45,factual,Who wrote the Universal Declaration of Space Rights?,100.27,"[MockLLM] Generated response for: --- EVIDENCE PACK ---
[E1]: Ma...",0.0,False,True
fact_46,factual,Who wrote the Universal Declaration of Space Rights?,100.27,"[MockLLM] Generated response for: --- EVIDENCE PACK ---
[E1]: Ma...",0.0,False,True
fact_47,factual,Who wrote the Universal Declaration of Space Rights?,100.32,"[MockLLM] Generated response for: --- EVIDENCE PACK ---
[E1]: Ma...",0.0,False,True
fact_48,factual,Who wrote the Universal Declaration of Space Rights?,100.28,"[MockLLM] Generated response for: --- EVIDENCE PACK ---
[E1]: Ma...",0.0,False,True
fact_49,factual,Who wrote the Universal Declaration of Space Rights?,100.38,"[MockLLM] Generated response for: --- EVIDENCE PACK ---
[E1]: Ma...",0.0,False,True
fact_50,factual,Who wrote the Universal Declaration of Space Rights?,100.33,"[MockLLM] Generated response for: --- EVIDENCE PACK ---
[E1]: Ma...",0.0,False,True
fact_51,factual,What is the primary energy source of the Alpha Centauri colony?,100.34,"[MockLLM] Generated response for: --- EVIDENCE PACK ---
[E1]: Ma...",0.0,False,True
fact_52,factual,What is the primary energy source of the Alpha Centauri colony?,100.32,"[MockLLM] Generated response for: --- EVIDENCE PACK ---
[E1]: Ma...",0.0,False,True
fact_53,factual,What is the primary energy source of the Alpha Centauri colony?,100.33,"[MockLLM] Generated response for: --- EVIDENCE PACK ---
[E1]: Ma...",0.0,False,True
fact_54,factual,What is the primary energy source of the Alpha Centauri colony?,100.28,"[MockLLM] Generated response for: --- EVIDENCE PACK ---
[E1]: Ma...",0.0,False,True
fact_55,factual,What is the primary energy source of the Alpha Centauri colony?,100.28,"[MockLLM] Generated response for: --- EVIDENCE PACK ---
[E1]: Ma...",0.0,False,True
fact_56,factual,What is the primary energy source of the Alpha Centauri colony?,100.31,"[MockLLM] Generated response for: --- EVIDENCE PACK ---
[E1]: Ma...",0.0,False,True
fact_57,factual,What is the primary energy source of the Alpha Centauri colony?,100.4,"[MockLLM] Generated response for: --- EVIDENCE PACK ---
[E1]: Ma...",0.0,False,True
fact_58,factual,What is the primary energy source of the Alpha Centauri colony?,100.28,"[MockLLM] Generated response for: --- EVIDENCE PACK ---
[E1]: Ma...",0.0,False,True
fact_59,factual,What is the primary energy source of the Alpha Centauri colony?,100.37,"[MockLLM] Generated response for: --- EVIDENCE PACK ---
[E1]: Ma...",0.0,False,True
fact_60,factual,What is the primary energy source of the Alpha Centauri colony?,100.32,"[MockLLM] Generated response for: --- EVIDENCE PACK ---
[E1]: Ma...",0.0,False,True
fact_61,factual,What is the primary energy source of the Alpha Centauri colony?,100.47,"[MockLLM] Generated response for: --- EVIDENCE PACK ---
[E1]: Ma...",0.0,False,True
fact_62,factual,What is the primary energy source of the Alpha Centauri colony?,100.31,"[MockLLM] Generated response for: --- EVIDENCE PACK ---
[E1]: Ma...",0.0,False,True
fact_63,factual,What is the primary energy source of the Alpha Centauri colony?,100.44,"[MockLLM] Generated response for: --- EVIDENCE PACK ---
[E1]: Ma...",0.0,False,True
fact_64,factual,What is the primary energy source of the Alpha Centauri colony?,100.3,"[MockLLM] Generated response for: --- EVIDENCE PACK ---
[E1]: Ma...",0.0,False,True
fact_65,factual,What is the primary energy source of the Alpha Centauri colony?,100.41,"[MockLLM] Generated response for: --- EVIDENCE PACK ---
[E1]: Ma...",0.0,False,True
fact_66,factual,What is the primary energy source of the Alpha Centauri colony?,100.4,"[MockLLM] Generated response for: --- EVIDENCE PACK ---
[E1]: Ma...",0.0,False,True
fact_67,factual,What is the primary energy source of the Alpha Centauri colony?,100.33,"[MockLLM] Generated response for: --- EVIDENCE PACK ---
[E1]: Ma...",0.0,False,True
fact_68,factual,What is the primary energy source of the Alpha Centauri colony?,100.3,"[MockLLM] Generated response for: --- EVIDENCE PACK ---
[E1]: Ma...",0.0,False,True
fact_69,factual,What is the primary energy source of the Alpha Centauri colony?,100.47,"[MockLLM] Generated response for: --- EVIDENCE PACK ---
[E1]: Ma...",0.0,False,True
fact_70,factual,What is the primary energy source of the Alpha Centauri colony?,100.42,"[MockLLM] Generated response for: --- EVIDENCE PACK ---
[E1]: Ma...",0.0,False,True
fact_71,factual,What is the primary energy source of the Alpha Centauri colony?,100.38,"[MockLLM] Generated response for: --- EVIDENCE PACK ---
[E1]: Ma...",0.0,False,True
fact_72,factual,What is the primary energy source of the Alpha Centauri colony?,100.34,"[MockLLM] Generated response for: --- EVIDENCE PACK ---
[E1]: Ma...",0.0,False,True
fact_73,factual,What is the primary energy source of the Alpha Centauri colony?,100.33,"[MockLLM] Generated response for: --- EVIDENCE PACK ---
[E1]: Ma...",0.0,False,True
fact_74,factual,What is the primary energy source of the Alpha Centauri colony?,100.29,"[MockLLM] Generated response for: --- EVIDENCE PACK ---
[E1]: Ma...",0.0,False,True
fact_75,factual,What is the primary energy source of the Alpha Centauri colony?,100.3,"[MockLLM] Generated response for: --- EVIDENCE PACK ---
[E1]: Ma...",0.0,False,True
fact_76,factual,What is the boiling point of Water on Planet X?,100.38,"[MockLLM] Generated response for: --- EVIDENCE PACK ---
[E1]: Ma...",0.0,False,True
fact_77,factual,What is the boiling point of Water on Planet X?,100.32,"[MockLLM] Generated response for: --- EVIDENCE PACK ---
[E1]: Ma...",0.0,False,True
fact_78,factual,What is the boiling point of Water on Planet X?,100.44,"[MockLLM] Generated response for: --- EVIDENCE PACK ---
[E1]: Ma...",0.0,False,True
fact_79,factual,What is the boiling point of Water on Planet X?,100.33,"[MockLLM] Generated response for: --- EVIDENCE PACK ---
[E1]: Ma...",0.0,False,True
fact_80,factual,What is the boiling point of Water on Planet X?,100.4,"[MockLLM] Generated response for: --- EVIDENCE PACK ---
[E1]: Ma...",0.0,False,True
fact_81,factual,What is the boiling point of Water on Planet X?,100.37,"[MockLLM] Generated response for: --- EVIDENCE PACK ---
[E1]: Ma...",0.0,False,True
fact_82,factual,What is the boiling point of Water on Planet X?,100.27,"[MockLLM] Generated response for: --- EVIDENCE PACK ---
[E1]: Ma...",0.0,False,True
fact_83,factual,What is the boiling point of Water on Planet X?,100.32,"[MockLLM] Generated response for: --- EVIDENCE PACK ---
[E1]: Ma...",0.0,False,True
fact_84,factual,What is the boiling point of Water on Planet X?,100.44,"[MockLLM] Generated response for: --- EVIDENCE PACK ---
[E1]: Ma...",0.0,False,True
fact_85,factual,What is the boiling point of Water on Planet X?,100.37,"[MockLLM] Generated response for: --- EVIDENCE PACK ---
[E1]: Ma...",0.0,False,True
fact_86,factual,What is the boiling point of Water on Planet X?,100.37,"[MockLLM] Generated response for: --- EVIDENCE PACK ---
[E1]: Ma...",0.0,False,True
fact_87,factual,What is the boiling point of Water on Planet X?,100.36,"[MockLLM] Generated response for: --- EVIDENCE PACK ---
[E1]: Ma...",0.0,False,True
fact_88,factual,What is the boiling point of Water on Planet X?,100.3,"[MockLLM] Generated response for: --- EVIDENCE PACK ---
[E1]: Ma...",0.0,False,True
fact_89,factual,What is the boiling point of Water on Planet X?,100.24,"[MockLLM] Generated response for: --- EVIDENCE PACK ---
[E1]: Ma...",0.0,False,True
fact_90,factual,What is the boiling point of Water on Planet X?,100.2,"[MockLLM] Generated response for: --- EVIDENCE PACK ---
[E1]: Ma...",0.0,False,True
fact_91,factual,What is the boiling point of Water on Planet X?,100.18,"[MockLLM] Generated response for: --- EVIDENCE PACK ---
[E1]: Ma...",0.0,False,True
fact_92,factual,What is the boiling point of Water on Planet X?,100.29,"[MockLLM] Generated response for: --- EVIDENCE PACK ---
[E1]: Ma...",0.0,False,True
fact_93,factual,What is the boiling point of Water on Planet X?,100.35,"[MockLLM] Generated response for: --- EVIDENCE PACK ---
[E1]: Ma...",0.0,False,True
fact_94,factual,What is the boiling point of Water on Planet X?,100.37,"[MockLLM] Generated response for: --- EVIDENCE PACK ---
[E1]: Ma...",0.0,False,True
fact_95,factual,What is the boiling point of Water on Planet X?,100.33,"[MockLLM] Generated response for: --- EVIDENCE PACK ---
[E1]: Ma...",0.0,False,True
fact_96,factual,What is the boiling point of Water on Planet X?,100.29,"[MockLLM] Generated response for: --- EVIDENCE PACK ---
[E1]: Ma...",0.0,False,True
fact_97,factual,What is the boiling point of Water on Planet X?,100.35,"[MockLLM] Generated response for: --- EVIDENCE PACK ---
[E1]: Ma...",0.0,False,True
fact_98,factual,What is the boiling point of Water on Planet X?,100.39,"[MockLLM] Generated response for: --- EVIDENCE PACK ---
[E1]: Ma...",0.0,False,True
fact_99,factual,What is the boiling point of Water on Planet X?,100.32,"[MockLLM] Generated response for: --- EVIDENCE PACK ---
[E1]: Ma...",0.0,False,True
fact_100,factual,What is the boiling point of Water on Planet X?,100.44,"[MockLLM] Generated response for: --- EVIDENCE PACK ---
[E1]: Ma...",0.0,False,True
adv_1,adversarial,What color is the sky on Earth?,100.28,"[MockLLM] Generated response for: --- EVIDENCE PACK ---
[E1]: Ma...",0.0,False,True
adv_2,adversarial,What color is the sky on Earth?,100.26,"[MockLLM] Generated response for: --- EVIDENCE PACK ---
[E1]: Ma...",0.0,False,True
adv_3,adversarial,What color is the sky on Earth?,100.29,"[MockLLM] Generated response for: --- EVIDENCE PACK ---
[E1]: Ma...",0.0,False,True
adv_4,adversarial,What color is the sky on Earth?,100.29,"[MockLLM] Generated response for: --- EVIDENCE PACK ---
[E1]: Ma...",0.0,False,True
adv_5,adversarial,What color is the sky on Earth?,100.28,"[MockLLM] Generated response for: --- EVIDENCE PACK ---
[E1]: Ma...",0.0,False,True
adv_6,adversarial,What color is the sky on Earth?,100.3,"[MockLLM] Generated response for: --- EVIDENCE PACK ---
[E1]: Ma...",0.0,False,True
adv_7,adversarial,What color is the sky on Earth?,100.37,"[MockLLM] Generated response for: --- EVIDENCE PACK ---
[E1]: Ma...",0.0,False,True
adv_8,adversarial,What color is the sky on Earth?,100.3,"[MockLLM] Generated response for: --- EVIDENCE PACK ---
[E1]: Ma...",0.0,False,True
adv_9,adversarial,What color is the sky on Earth?,100.3,"[MockLLM] Generated response for: --- EVIDENCE PACK ---
[E1]: Ma...",0.0,False,True
adv_10,adversarial,What color is the sky on Earth?,100.33,"[MockLLM] Generated response for: --- EVIDENCE PACK ---
[E1]: Ma...",0.0,False,True
adv_11,adversarial,What color is the sky on Earth?,100.37,"[MockLLM] Generated response for: --- EVIDENCE PACK ---
[E1]: Ma...",0.0,False,True
adv_12,adversarial,What color is the sky on Earth?,100.33,"[MockLLM] Generated response for: --- EVIDENCE PACK ---
[E1]: Ma...",0.0,False,True
adv_13,adversarial,What color is the sky on Earth?,100.43,"[MockLLM] Generated response for: --- EVIDENCE PACK ---
[E1]: Ma...",0.0,False,True
adv_14,adversarial,What color is the sky on Earth?,100.31,"[MockLLM] Generated response for: --- EVIDENCE PACK ---
[E1]: Ma...",0.0,False,True
adv_15,adversarial,What color is the sky on Earth?,100.35,"[MockLLM] Generated response for: --- EVIDENCE PACK ---
[E1]: Ma...",0.0,False,True
adv_16,adversarial,What color is the sky on Earth?,100.3,"[MockLLM] Generated response for: --- EVIDENCE PACK ---
[E1]: Ma...",0.0,False,True
adv_17,adversarial,What color is the sky on Earth?,100.47,"[MockLLM] Generated response for: --- EVIDENCE PACK ---
[E1]: Ma...",0.0,False,True
adv_18,adversarial,What color is the sky on Earth?,100.36,"[MockLLM] Generated response for: --- EVIDENCE PACK ---
[E1]: Ma...",0.0,False,True
adv_19,adversarial,What color is the sky on Earth?,100.33,"[MockLLM] Generated response for: --- EVIDENCE PACK ---
[E1]: Ma...",0.0,False,True
adv_20,adversarial,What color is the sky on Earth?,100.39,"[MockLLM] Generated response for: --- EVIDENCE PACK ---
[E1]: Ma...",0.0,False,True
adv_21,adversarial,What color is the sky on Earth?,100.36,"[MockLLM] Generated response for: --- EVIDENCE PACK ---
[E1]: Ma...",0.0,False,True
adv_22,adversarial,What color is the sky on Earth?,100.28,"[MockLLM] Generated response for: --- EVIDENCE PACK ---
[E1]: Ma...",0.0,False,True
adv_23,adversarial,What color is the sky on Earth?,100.32,"[MockLLM] Generated response for: --- EVIDENCE PACK ---
[E1]: Ma...",0.0,False,True
adv_24,adversarial,What color is the sky on Earth?,100.4,"[MockLLM] Generated response for: --- EVIDENCE PACK ---
[E1]: Ma...",0.0,False,True
adv_25,adversarial,What color is the sky on Earth?,100.23,"[MockLLM] Generated response for: --- EVIDENCE PACK ---
[E1]: Ma...",0.0,False,True
adv_26,adversarial,Who was the first president of the United States?,100.42,"[MockLLM] Generated response for: --- EVIDENCE PACK ---
[E1]: Ma...",0.0,False,True
adv_27,adversarial,Who was the first president of the United States?,100.44,"[MockLLM] Generated response for: --- EVIDENCE PACK ---
[E1]: Ma...",0.0,False,True
adv_28,adversarial,Who was the first president of the United States?,100.36,"[MockLLM] Generated response for: --- EVIDENCE PACK ---
[E1]: Ma...",0.0,False,True
adv_29,adversarial,Who was the first president of the United States?,100.43,"[MockLLM] Generated response for: --- EVIDENCE PACK ---
[E1]: Ma...",0.0,False,True
adv_30,adversarial,Who was the first president of the United States?,100.49,"[MockLLM] Generated response for: --- EVIDENCE PACK ---
[E1]: Ma...",0.0,False,True
adv_31,adversarial,Who was the first president of the United States?,100.35,"[MockLLM] Generated response for: --- EVIDENCE PACK ---
[E1]: Ma...",0.0,False,True
adv_32,adversarial,Who was the first president of the United States?,100.36,"[MockLLM] Generated response for: --- EVIDENCE PACK ---
[E1]: Ma...",0.0,False,True
adv_33,adversarial,Who was the first president of the United States?,100.37,"[MockLLM] Generated response for: --- EVIDENCE PACK ---
[E1]: Ma...",0.0,False,True
adv_34,adversarial,Who was the first president of the United States?,100.29,"[MockLLM] Generated response for: --- EVIDENCE PACK ---
[E1]: Ma...",0.0,False,True
adv_35,adversarial,Who was the first president of the United States?,100.31,"[MockLLM] Generated response for: --- EVIDENCE PACK ---
[E1]: Ma...",0.0,False,True
adv_36,adversarial,Who was the first president of the United States?,100.3,"[MockLLM] Generated response for: --- EVIDENCE PACK ---
[E1]: Ma...",0.0,False,True
adv_37,adversarial,Who was the first president of the United States?,100.38,"[MockLLM] Generated response for: --- EVIDENCE PACK ---
[E1]: Ma...",0.0,False,True
adv_38,adversarial,Who was the first president of the United States?,100.29,"[MockLLM] Generated response for: --- EVIDENCE PACK ---
[E1]: Ma...",0.0,False,True
adv_39,adversarial,Who was the first president of the United States?,100.38,"[MockLLM] Generated response for: --- EVIDENCE PACK ---
[E1]: Ma...",0.0,False,True
adv_40,adversarial,Who was the first president of the United States?,100.4,"[MockLLM] Generated response for: --- EVIDENCE PACK ---
[E1]: Ma...",0.0,False,True
adv_41,adversarial,Who was the first president of the United States?,100.47,"[MockLLM] Generated response for: --- EVIDENCE PACK ---
[E1]: Ma...",0.0,False,True
adv_42,adversarial,Who was the first president of the United States?,100.39,"[MockLLM] Generated response for: --- EVIDENCE PACK ---
[E1]: Ma...",0.0,False,True
adv_43,adversarial,Who was the first president of the United States?,100.31,"[MockLLM] Generated response for: --- EVIDENCE PACK ---
[E1]: Ma...",0.0,False,True
adv_44,adversarial,Who was the first president of the United States?,100.28,"[MockLLM] Generated response for: --- EVIDENCE PACK ---
[E1]: Ma...",0.0,False,True
adv_45,adversarial,Who was the first president of the United States?,100.36,"[MockLLM] Generated response for: --- EVIDENCE PACK ---
[E1]: Ma...",0.0,False,True
adv_46,adversarial,Who was the first president of the United States?,100.33,"[MockLLM] Generated response for: --- EVIDENCE PACK ---
[E1]: Ma...",0.0,False,True
adv_47,adversarial,Who was the first president of the United States?,100.34,"[MockLLM] Generated response for: --- EVIDENCE PACK ---
[E1]: Ma...",0.0,False,True
adv_48,adversarial,Who was the first president of the United States?,100.37,"[MockLLM] Generated response for: --- EVIDENCE PACK ---
[E1]: Ma...",0.0,False,True
adv_49,adversarial,Who was the first president of the United States?,100.4,"[MockLLM] Generated response for: --- EVIDENCE PACK ---
[E1]: Ma...",0.0,False,True
adv_50,adversarial,Who was the first president of the United States?,100.34,"[MockLLM] Generated response for: --- EVIDENCE PACK ---
[E1]: Ma...",0.0,False,True
